Timestamp,1. What is your primary role?,2. How large is your engineering team?,3. How long have you been using OpenTelemetry?,4. How long have you been using Prometheus?,5. Do you currently use OpenTelemetry and Prometheus together? ,6. How satisfied are you with the current integration between OpenTelemetry resource attributes and Prometheus?,"7. Rate the following challenges when working with OpenTelemetry resource attributes in Prometheus

Not challenging â€“ It works as expected and is easy to use.
Slightly challenging â€“ It requires extra effort, causes occasional confusion or slowdowns.
Very challenging â€“ It frequently causes frustration, slows down your workflow, or requires significant workarounds.
Not applicable â€“ I havenâ€™t encountered this, or it doesnâ€™t apply to my setup/workflow. [Difficulty querying metrics based on resource attributes]","7. Rate the following challenges when working with OpenTelemetry resource attributes in Prometheus

Not challenging â€“ It works as expected and is easy to use.
Slightly challenging â€“ It requires extra effort, causes occasional confusion or slowdowns.
Very challenging â€“ It frequently causes frustration, slows down your workflow, or requires significant workarounds.
Not applicable â€“ I havenâ€™t encountered this, or it doesnâ€™t apply to my setup/workflow. [Label cardinality issues]","7. Rate the following challenges when working with OpenTelemetry resource attributes in Prometheus

Not challenging â€“ It works as expected and is easy to use.
Slightly challenging â€“ It requires extra effort, causes occasional confusion or slowdowns.
Very challenging â€“ It frequently causes frustration, slows down your workflow, or requires significant workarounds.
Not applicable â€“ I havenâ€™t encountered this, or it doesnâ€™t apply to my setup/workflow. [Creating complex PromQL queries to work around resource attribute limitations]","7. Rate the following challenges when working with OpenTelemetry resource attributes in Prometheus

Not challenging â€“ It works as expected and is easy to use.
Slightly challenging â€“ It requires extra effort, causes occasional confusion or slowdowns.
Very challenging â€“ It frequently causes frustration, slows down your workflow, or requires significant workarounds.
Not applicable â€“ I havenâ€™t encountered this, or it doesnâ€™t apply to my setup/workflow. [Documentation gaps]","7. Rate the following challenges when working with OpenTelemetry resource attributes in Prometheus

Not challenging â€“ It works as expected and is easy to use.
Slightly challenging â€“ It requires extra effort, causes occasional confusion or slowdowns.
Very challenging â€“ It frequently causes frustration, slows down your workflow, or requires significant workarounds.
Not applicable â€“ I havenâ€™t encountered this, or it doesnâ€™t apply to my setup/workflow. [Performance concerns]","7. Rate the following challenges when working with OpenTelemetry resource attributes in Prometheus

Not challenging â€“ It works as expected and is easy to use.
Slightly challenging â€“ It requires extra effort, causes occasional confusion or slowdowns.
Very challenging â€“ It frequently causes frustration, slows down your workflow, or requires significant workarounds.
Not applicable â€“ I havenâ€™t encountered this, or it doesnâ€™t apply to my setup/workflow. [Hitting label limits in Prometheus due to resource attributes]","7. Rate the following challenges when working with OpenTelemetry resource attributes in Prometheus

Not challenging â€“ It works as expected and is easy to use.
Slightly challenging â€“ It requires extra effort, causes occasional confusion or slowdowns.
Very challenging â€“ It frequently causes frustration, slows down your workflow, or requires significant workarounds.
Not applicable â€“ I havenâ€™t encountered this, or it doesnâ€™t apply to my setup/workflow. [Memory usage increase when changing the list of promoted resource attributes.]","7. Rate the following challenges when working with OpenTelemetry resource attributes in Prometheus

Not challenging â€“ It works as expected and is easy to use.
Slightly challenging â€“ It requires extra effort, causes occasional confusion or slowdowns.
Very challenging â€“ It frequently causes frustration, slows down your workflow, or requires significant workarounds.
Not applicable â€“ I havenâ€™t encountered this, or it doesnâ€™t apply to my setup/workflow. [Unable to find a metric because of resource attribute conversion issues]","8. How important are the following features for your workflow?

Not important â€“ I donâ€™t need or use this at all.
Slightly important â€“ Occasionally useful, but not essential.
Very important â€“ Frequently needed and valuable in your workflow.
Not applicable â€“ It doesnâ€™t apply to my setup/workflow. [Ability to filter queries using resource attributes.]","8. How important are the following features for your workflow?

Not important â€“ I donâ€™t need or use this at all.
Slightly important â€“ Occasionally useful, but not essential.
Very important â€“ Frequently needed and valuable in your workflow.
Not applicable â€“ It doesnâ€™t apply to my setup/workflow. [Ability to aggregate metrics based on resource attributes.]","8. How important are the following features for your workflow?

Not important â€“ I donâ€™t need or use this at all.
Slightly important â€“ Occasionally useful, but not essential.
Very important â€“ Frequently needed and valuable in your workflow.
Not applicable â€“ It doesnâ€™t apply to my setup/workflow. [Clear documentation on how resource attributes map to labels]","8. How important are the following features for your workflow?

Not important â€“ I donâ€™t need or use this at all.
Slightly important â€“ Occasionally useful, but not essential.
Very important â€“ Frequently needed and valuable in your workflow.
Not applicable â€“ It doesnâ€™t apply to my setup/workflow. [Consistent naming between OpenTelemetry resource attributes and Prometheus labels]","8. How important are the following features for your workflow?

Not important â€“ I donâ€™t need or use this at all.
Slightly important â€“ Occasionally useful, but not essential.
Very important â€“ Frequently needed and valuable in your workflow.
Not applicable â€“ It doesnâ€™t apply to my setup/workflow. [Ability to use resource attributes to navigate and explore existing metrics.]","8. How important are the following features for your workflow?

Not important â€“ I donâ€™t need or use this at all.
Slightly important â€“ Occasionally useful, but not essential.
Very important â€“ Frequently needed and valuable in your workflow.
Not applicable â€“ It doesnâ€™t apply to my setup/workflow. [Ability to choose which resource attributes are stored/discarded during ingestion]","9. If you could redesign from scratch how OpenTelemetry resource attributes work with Prometheus, how would you do it?",10. How do you expect resource attributes to be represented in Prometheus?,11. For what purposes do you typically use resource attributes in your queries?,12. Is there anything else you'd like to share about your experience with OpenTelemetry resource attributes and Prometheus?,
2025/05/02 2:48:54 PM GMT+1,Software Engineer,1-10 engineers,I don't use OpenTelemetry,2+ years,No,,,,,,,,,,,,,,,,,,,,
2025/05/02 3:19:18 PM GMT+1,Backend Engineer,1-10 engineers,Less than 6 months,2+ years,No,,,,,,,,,,,,,,,,,,,,
2025/05/02 5:16:50 PM GMT+1,DevOps Engineer,1-10 engineers,I don't use OpenTelemetry,Less than 6 months,No,,,,,,,,,,,,,,,,,,,,
2025/05/02 6:52:48 PM GMT+1,DevOps Engineer,11-50 engineers,Less than 6 months,1-2 years,No,,,,,,,,,,,,,,,,,,,,
2025/05/02 10:13:59 PM GMT+1,Software Engineer,1-10 engineers,6-12 months,2+ years,"Yes, I use both OpenTelemetry and Prometheus",3,Slightly challenging,Not applicable,Not applicable,Slightly challenging,Not applicable,Not applicable,Not applicable,Slightly challenging,Very important,Very important,Slightly important,Slightly important,Not applicable,Slightly important,Don't know,Don't know,"We have metrics for e.g. number of requests. We'd like to break that down by service, status code etc.",,
2025/05/03 3:45:12 AM GMT+1,Site Reliability Engineer,1-10 engineers,I don't use OpenTelemetry,6-12 months,"Yes, I use both OpenTelemetry and Prometheus",1,Not challenging,Not challenging,Not challenging,Not challenging,Not challenging,Not challenging,Not challenging,Not challenging,Not important,Not important,Not important,Not important,Not important,Not important,Ù„Ø§,Ø­ÙŠØ¯Ø± ,"curl ""https://api.cloudflare.com/client/v4/accounts/{account_id}/alerting/v3/history?page=1&per_page=25"" \
--header ""Authorization: Bearer <API_TOKEN>""",https://api.cloudflare.com/client/v4/accounts/{account_id}/alerting/v3/history?page=1&per_page=25,
2025/05/03 8:19:31 PM GMT+1,DevOps Engineer,1-10 engineers,2+ years,2+ years,No,,,,,,,,,,,,,,,,,,,,
2025/05/03 9:55:36 PM GMT+1,System Administrator,51-200 engineers,2+ years,2+ years,"Yes, I use both OpenTelemetry and Prometheus",2,Very challenging,Not applicable,Slightly challenging,Very challenging,Very challenging,Not applicable,Slightly challenging,Very challenging,Very important,Very important,Very important,Very important,Very important,Very important,N/A,Part of the metric,filter and aggregation,"The solution seems half-backed, so we have enabled and disabled it with each Prometheus release.",
2025/05/05 3:15:17 AM GMT+1,Site Reliability Engineer,51-200 engineers,I don't use OpenTelemetry,2+ years,No,,,,,,,,,,,,,,,,,,,,
2025/05/05 8:07:35 AM GMT+1,DevOps Engineer,1-10 engineers,2+ years,2+ years,No,,,,,,,,,,,,,,,,,,,,
2025/05/05 11:15:34 AM GMT+1,Site Reliability Engineer,51-200 engineers,Less than 6 months,2+ years,No,,,,,,,,,,,,,,,,,,,,
2025/05/05 1:14:39 PM GMT+1,DevOps Engineer,11-50 engineers,1-2 years,1-2 years,No,,,,,,,,,,,,,,,,,,,,
2025/05/05 2:05:22 PM GMT+1,System Administrator,1-10 engineers,6-12 months,2+ years,No,,,,,,,,,,,,,,,,,,,,
2025/05/05 9:49:09 PM GMT+1,Platform Engineer,1-10 engineers,I don't use OpenTelemetry,Less than 6 months,No,,,,,,,,,,,,,,,,,,,,
2025/05/06 12:53:21 AM GMT+1,Site Reliability Engineer,1000+ engineers,1-2 years,2+ years,No,,,,,,,,,,,,,,,,,,,,
2025/05/06 6:47:40 AM GMT+1,Site Reliability Engineer,1000+ engineers,2+ years,2+ years,"Yes, I use both OpenTelemetry and Prometheus",2,Very challenging,Slightly challenging,Not applicable,Slightly challenging,Not challenging,Not challenging,Not challenging,Very challenging,Very important,Very important,Very important,Very important,Very important,Very important,"I don't have a pressing issue with it currently, I believe ecosystem support is lacking.",As labels,To filter metrics to specific services or pods.,,
2025/05/06 8:25:34 AM GMT+1,Platform Engineer,501-1000 engineers,2+ years,2+ years,"Yes, I use both OpenTelemetry and Prometheus",2,Not applicable,Very challenging,Not applicable,Not applicable,Not applicable,Slightly challenging,Not applicable,Very challenging,Very important,Slightly important,Very important,Very important,Very important,Slightly important,"We are still translating metrics to Prom format using the Collector, so this is not applicable to me yet.","I'm fine with them ""looking like"" labels.",Improving query performance and accuracy as I look for metrics specific to a team or app in a fleet of services.,I'd love the Prometheus community to take a larger role in improving the various Prometheus exporters in the Otel Collector.,
2025/05/06 9:29:59 AM GMT+1,Software Engineer,11-50 engineers,1-2 years,2+ years,"Yes, I use both OpenTelemetry and Prometheus",3,Not applicable,Not applicable,Not applicable,Not applicable,Not applicable,Not applicable,Not applicable,Slightly challenging,Very important,Very important,Very important,Very important,Very important,Not important,Separate resource attributes from labels. Adhere to OTel's naming conventions.,Cannot say,"Filtering metrics by host name, deployment environment and service name",,
2025/05/06 9:51:46 AM GMT+1,Software Engineer,501-1000 engineers,Less than 6 months,2+ years,"Yes, I use both OpenTelemetry and Prometheus",3,Slightly challenging,Very challenging,Slightly challenging,Slightly challenging,Very challenging,Very challenging,Very challenging,Very challenging,Very important,Not important,Not important,Very important,Very important,Very important,ä¸æ¸…æ¥š,ä¸æ¸…æ¥š,å®šä½å…·ä½“èµ„æº,ä¸æ¸…æ¥š,
2025/05/06 10:16:58 AM GMT+1,Backend Engineer,1000+ engineers,2+ years,Less than 6 months,"Yes, I use both OpenTelemetry and Prometheus",3,Very challenging,Very challenging,Very challenging,Very challenging,Very challenging,Very challenging,Very challenging,Very challenging,Very important,Very important,Very important,Very important,Very important,Very important,No,Research ,Yes,No,
2025/05/06 10:22:51 AM GMT+1,Observability Engineer,1-10 engineers,1-2 years,2+ years,"Yes, I use both OpenTelemetry and Prometheus",3,Slightly challenging,Very challenging,Slightly challenging,Very challenging,Very challenging,Slightly challenging,Very challenging,Slightly challenging,Very important,Very important,Very important,Very important,Very important,Very important,-,Just as Prometheus metric labels,Filtering and aggregation,,
2025/05/06 2:12:46 PM GMT+1,Intern Software engineer,1-10 engineers,Less than 6 months,Less than 6 months,"Yes, but I am still learning how to integrate them",4,Slightly challenging,Not challenging,Not applicable,Slightly challenging,Not applicable,Not applicable,Not applicable,Not applicable,Slightly important,Slightly important,Very important,Slightly important,Slightly important,Not applicable,Not experienced enough to answer.,The same as how I defined them with OTel,To filter and find specific metrics.,From what i have experienced it works conveniently together in a way that it doesn't require complicated setup/configuration. ,
2025/05/06 3:03:02 PM GMT+1,Platform Engineer,200-500 engineers,2+ years,2+ years,"Yes, but I am still learning how to integrate them",3,Not challenging,Very challenging,Not challenging,Very challenging,Slightly challenging,Very challenging,Slightly challenging,Very challenging,Very important,Very important,Slightly important,Very important,Very important,Very important,intergate part of opentelemetry into prometheus-kube-stack,as labels,for context,I want that target allocator will work well with kube-promethus-stack out of the box including replacing node exporter and other components with otel,
2025/05/06 3:03:25 PM GMT+1,DevOps Engineer,1-10 engineers,Less than 6 months,2+ years,"Yes, but I am still learning how to integrate them",2,Slightly challenging,Slightly challenging,Very challenging,Very challenging,Slightly challenging,Very challenging,Very challenging,Very challenging,Very important,Very important,Very important,Very important,Slightly important,Very important,-,-,-,,
2025/05/06 3:39:24 PM GMT+1,Systems Architect/Key Expert,11-50 engineers,Less than 6 months,2+ years,"Yes, I use both OpenTelemetry and Prometheus",2,Very challenging,Very challenging,Not applicable,Slightly challenging,Slightly challenging,Very challenging,Slightly challenging,Very challenging,Very important,Very important,Very important,Very important,Very important,Very important,-,-,-,-,
2025/05/06 5:15:14 PM GMT+1,DevOps Engineer,1-10 engineers,Less than 6 months,6-12 months,"Yes, I use both OpenTelemetry and Prometheus",5,Very challenging,Not applicable,Very challenging,Not challenging,Slightly challenging,Very challenging,Very challenging,Not applicable,Very important,Slightly important,Very important,Very important,Very important,Very important,i is difficult q,i is difficult q,"date, time, tag",,
2025/05/07 12:35:00 AM GMT+1,Backend Engineer,1-10 engineers,6-12 months,6-12 months,"Yes, I use both OpenTelemetry and Prometheus",3,Very challenging,Slightly challenging,Very challenging,Not challenging,Not challenging,Slightly challenging,Not challenging,Slightly challenging,Slightly important,Very important,Slightly important,Slightly important,Not important,Slightly important,"We started off from scratch with OpenTelemetry so we would prefer as close a match to the OTel spec as possible. However, we don't necessarily need much of a difference between resource-attributes and regular attributes.",Easily filterable without needing to join on `target_info` metric.,Filtering by physical server or service namespace.,,
2025/05/07 10:28:40 AM GMT+1,DevOps Engineer,11-50 engineers,I don't use OpenTelemetry,1-2 years,No,,,,,,,,,,,,,,,,,,,,
2025/05/07 10:50:56 AM GMT+1,Site Reliability Engineer,1000+ engineers,I don't use OpenTelemetry,2+ years,No,,,,,,,,,,,,,,,,,,,,
2025/05/07 1:56:29 PM GMT+1,DevOps Engineer,11-50 engineers,Less than 6 months,2+ years,"Yes, I use both OpenTelemetry and Prometheus",3,Not challenging,Slightly challenging,Slightly challenging,Very challenging,Not applicable,Not challenging,Not challenging,Slightly challenging,Slightly important,Slightly important,Very important,Very important,Slightly important,Slightly important,"I probably wouldn't do anything differently, there are just some areas that need additional attention and/or cleanup. Especially when it comes to the documentation around the integration between Prometheus and OpenTelemetry.",In a similar way to existing Prometheus labels,When debugging an application and needing to see if any instances have not been updated to a newer version.,,
2025/05/07 3:25:42 PM GMT+1,Site Reliability Engineer,1000+ engineers,2+ years,2+ years,"Yes, I use both OpenTelemetry and Prometheus",3,Slightly challenging,Very challenging,Very challenging,Very challenging,Very challenging,Very challenging,Very challenging,Very challenging,Very important,Very important,Slightly important,Slightly important,Very important,Very important,Aggregation across samples before writing to storage,?,?,?,
2025/05/07 4:06:11 PM GMT+1,System Administrator,1-10 engineers,1-2 years,2+ years,"Yes, but I am still learning how to integrate them",2,Slightly challenging,Very challenging,Slightly challenging,Very challenging,Not challenging,Slightly challenging,Very challenging,Very challenging,Very important,Slightly important,Very important,Very important,Slightly important,Slightly important,Don't know,As labels,To isolate metrics,,
2025/05/07 4:22:05 PM GMT+1,Platform Engineer,51-200 engineers,2+ years,2+ years,No,,,,,,,,,,,,,,,,,,,,
2025/05/07 8:22:10 PM GMT+1,Software Engineer,1-10 engineers,I don't use OpenTelemetry,Less than 6 months,No,,,,,,,,,,,,,,,,,,,,
2025/05/08 3:21:38 AM GMT+1,DevOps Engineer,501-1000 engineers,I don't use OpenTelemetry,1-2 years,No,,,,,,,,,,,,,,,,,,,,
2025/05/08 10:34:07 AM GMT+1,DevOps Engineer,51-200 engineers,I don't use OpenTelemetry,2+ years,No,,,,,,,,,,,,,,,,,,,,
2025/05/08 11:45:48 AM GMT+1,System Administrator,1-10 engineers,I don't use OpenTelemetry,1-2 years,No,,,,,,,,,,,,,,,,,,,,
2025/05/08 3:05:59 PM GMT+1,Software Engineer,200-500 engineers,1-2 years,2+ years,"Yes, I use both OpenTelemetry and Prometheus",4,Slightly challenging,Not challenging,Not applicable,Slightly challenging,Not challenging,Not applicable,Not applicable,Not challenging,Very important,Very important,Very important,Very important,Very important,Slightly important,I'm not sure. We currently append our own resource attributes while setting up our scrape targets.,"I think implicitly joining the resource attribute metric to whatever metric you're querying makes a lot of sense. At the end of the day, the resource attributes are metric attributes. We're choosing not to store them together for optimization reasons.",Looking at a specific host or service ,,
2025/05/08 7:45:11 PM GMT+1,Software Engineer,1-10 engineers,Less than 6 months,Less than 6 months,No,,,,,,,,,,,,,,,,,,,,
2025/05/09 3:00:47 AM GMT+1,Platform Engineer,11-50 engineers,1-2 years,2+ years,"Yes, I use both OpenTelemetry and Prometheus",4,Slightly challenging,Very challenging,Slightly challenging,Slightly challenging,Slightly challenging,Very challenging,Slightly challenging,Very challenging,Very important,Slightly important,Very important,Very important,Very important,Very important,"We're using an OTel gateway pattern and have a statefulset collector dedicated to the prometheus receiver and target allocator using the k8s OTel Operator. That child collector forwards to our OTel gateway collector which only has the OTLP receiver. It's a bit awkward configuring the scrape configs and deciding where to do relabeling between the scrape configs or processors, and whether the processing should happen on the gateway for attribute consistency across a bunch of different signals and collectors. OTel native receivers and the k8s attribute processor default to setting attributes like k8s.cluster.name. Whereas the prom label defaults coming in from scraping Kube state metrics default to cluster. We often stumble across label redundancies or inconsistencies depending on what the source of the metric is.","Converting between dot notation and snake, is pretty awkward. Particularly because we use Grafana Cloud as our backend provider and they have additional quirks in their ingestion pipelines. It can be hard to figure out from ingested labels what the attributes actually are to try and configure processors like transfrom processors or filters.","We almost always use kubernetes and service resource attributes in our queries. We have multiple clusters and multiple namespaces in each cluster, so cluster and namespace are almost always part of our queries. In addition, we use OTel standard attributes like the service name extensively.",,
2025/05/09 7:57:54 AM GMT+1,Site Reliability Engineer,1-10 engineers,I don't use OpenTelemetry,2+ years,No,,,,,,,,,,,,,,,,,,,,
2025/05/09 8:10:04 AM GMT+1,Backend Engineer,1-10 engineers,I don't use OpenTelemetry,2+ years,No,,,,,,,,,,,,,,,,,,,,
2025/05/09 9:26:12 AM GMT+1,Site Reliability Engineer,51-200 engineers,I don't use OpenTelemetry,2+ years,No,,,,,,,,,,,,,,,,,,,,
2025/05/09 9:33:22 AM GMT+1,System Administrator,1-10 engineers,I don't use OpenTelemetry,2+ years,No,,,,,,,,,,,,,,,,,,,,
2025/05/09 3:46:07 PM GMT+1,Software Engineer,501-1000 engineers,2+ years,6-12 months,"Yes, I use both OpenTelemetry and Prometheus",3,Not applicable,Not applicable,Not applicable,Not applicable,Not applicable,Not applicable,Not applicable,Not applicable,Very important,Very important,Very important,Not important,Very important,Slightly important,The user experience should be that they are roughly equivalent to metric labels.  Ideally the storage on the backend should be optimized though to avoid storing them denormalized.,"Similar to metric labels, perhaps with a prefix to avoid name clashes.  Joining to an _info metric should not be necessary.","Filtering, and aggregation.  Same as metric attributes",We are copying all resource attributes as metric labels.  We are not using target_info.,
2025/05/09 4:52:52 PM GMT+1,Site Reliability Engineer,1-10 engineers,I don't use OpenTelemetry,2+ years,No,,,,,,,,,,,,,,,,,,,,
2025/05/10 12:06:42 AM GMT+1,System Administrator,11-50 engineers,I don't use OpenTelemetry,I don't use Prometheus,No,,,,,,,,,,,,,,,,,,,,
2025/05/10 4:58:22 PM GMT+1,Site Reliability Engineer,1-10 engineers,I don't use OpenTelemetry,2+ years,No,,,,,,,,,,,,,,,,,,,,
2025/05/11 10:10:46 AM GMT+1,DevOps Engineer,501-1000 engineers,Less than 6 months,2+ years,"Yes, but I am still learning how to integrate them",1,Not applicable,Not applicable,Not applicable,Not applicable,Not applicable,Not applicable,Not applicable,Not applicable,Very important,Very important,Very important,Very important,Very important,Very important,i don't know,i don't know,fitering,no,
2025/05/11 5:15:45 PM GMT+1,Software Engineer,11-50 engineers,6-12 months,2+ years,"Yes, I use both OpenTelemetry and Prometheus",3,Very challenging,Very challenging,Very challenging,Slightly challenging,Slightly challenging,Slightly challenging,Not challenging,Not challenging,Very important,Slightly important,Slightly important,Very important,Very important,Not important,"The current target_info works, but it feels like it could be its own concept that aren't labels","Not labels, not it's own metric, something else","Display purposes, show some per-instance attributes, not really aggregation",,
2025/05/11 7:47:10 PM GMT+1,Desktop support role,11-50 engineers,I don't use OpenTelemetry,I don't use Prometheus,No,,,,,,,,,,,,,,,,,,,,
2025/05/12 8:40:16 AM GMT+1,Site Reliability Engineer,11-50 engineers,1-2 years,2+ years,"Yes, I use both OpenTelemetry and Prometheus",4,Slightly challenging,Not challenging,Slightly challenging,Slightly challenging,Not challenging,Slightly challenging,Slightly challenging,Slightly challenging,Very important,Very important,Not applicable,Very important,Very important,Very important,native integration,"key, values pair",service description and information,no,
2025/05/12 2:09:57 PM GMT+1,Ð”Ñ€ÑƒÐ³Ð¾Ðµ,1-10 engineers,2+ years,2+ years,"Yes, I use both OpenTelemetry and Prometheus",3,Very challenging,Very challenging,Very challenging,Very challenging,Very challenging,Very challenging,Very challenging,Very challenging,Very important,Very important,Very important,Very important,Very important,Very important,ÐœÐ¾Ð¹ Ð¾Ñ‚Ð²ÐµÑ‚,Ð”Ð»Ñ ÑÐµÐ±Ñ,ÐÐµ Ð²Ð°Ð¶Ð½Ð¾,Ð¥Ð¾Ñ‡Ñƒ Ð·Ð½Ð°Ñ‚ÑŒ,
2025/05/12 2:59:17 PM GMT+1,Software Engineer,501-1000 engineers,1-2 years,2+ years,"Yes, I use both OpenTelemetry and Prometheus",3,Slightly challenging,Slightly challenging,Slightly challenging,Very challenging,Slightly challenging,Very challenging,Not challenging,Very challenging,Very important,Very important,Very important,Very important,Very important,Very important,Use dot notation.,as metadata,"To aggegate, filter.",Nope,
2025/05/12 8:33:07 PM GMT+1,Site Reliability Engineer,200-500 engineers,I don't use OpenTelemetry,2+ years,No,,,,,,,,,,,,,,,,,,,,
2025/05/13 3:22:42 AM GMT+1,Software Engineer,51-200 engineers,1-2 years,1-2 years,"Yes, I use both OpenTelemetry and Prometheus",2,Slightly challenging,Slightly challenging,Slightly challenging,Very challenging,Slightly challenging,Very challenging,Slightly challenging,Very challenging,Very important,Very important,Very important,Not applicable,Very important,Not important,Allow bi-directional translation between Prometheus Metrics Name/Label Name and OpenTelemetry Attributes.,As label and can be bi-directional translated.,"Tenant isolation, payload filtering.",We use OpenTelemetryCollector and corresponding Transform Processor to ingest and translate OTLP to prometheus metrics format. ,
2025/05/13 7:37:59 AM GMT+1,Platform Engineer,11-50 engineers,6-12 months,2+ years,"Yes, but I am still learning how to integrate them",1,Not challenging,Very challenging,Slightly challenging,Very challenging,Slightly challenging,Very challenging,Slightly challenging,Very challenging,Very important,Very important,Very important,Very important,Slightly important,Slightly important,Use only one technology.,Launch the entity/resource concept.,filterã€groupbyã€alert,"""Resources"", or what is also known as ""management objects"", not only cover the scope of issues but also encompass the scope of management and automation.",
2025/05/13 8:57:40 AM GMT+1,System Engineer,1-10 engineers,I don't use OpenTelemetry,2+ years,No,,,,,,,,,,,,,,,,,,,,
2025/05/13 10:46:55 AM GMT+1,DevOps Engineer,1-10 engineers,1-2 years,2+ years,No,,,,,,,,,,,,,,,,,,,,
2025/05/13 3:08:05 PM GMT+1,Site Reliability Engineer,1-10 engineers,Less than 6 months,2+ years,No,,,,,,,,,,,,,,,,,,,,
2025/05/13 5:54:58 PM GMT+1,Site Reliability Engineer,1-10 engineers,Less than 6 months,2+ years,"Yes, but I am still learning how to integrate them",3,Not applicable,Not applicable,Not applicable,Not applicable,Not applicable,Not applicable,Not applicable,Not applicable,Very important,Very important,Very important,Slightly important,Slightly important,Not applicable,no idea,no idea,no idea,,
2025/05/13 8:51:55 PM GMT+1,Site Reliability Engineer,51-200 engineers,2+ years,I don't use Prometheus,No,,,,,,,,,,,,,,,,,,,,
2025/05/13 8:59:01 PM GMT+1,Site Reliability Engineer,200-500 engineers,1-2 years,2+ years,"Yes, I use both OpenTelemetry and Prometheus",3,Slightly challenging,Very challenging,Very challenging,Slightly challenging,Not challenging,Slightly challenging,Not challenging,Very challenging,Very important,Very important,Very important,Very important,Very important,Slightly important,"I wouldn't do any attribute to label conversion (suffix + '.' -> '_'). I would also say goodbye to the special Prom metrics (up) and attributes (instance, job). And I would create the concept of a resource in Prometheus's internal data structure, which can be shared by all related metric streams for efficient storage and searching based on many dimensions (like the language SDKs are sharing a single Resource object)",The same way as the instrumentation libraries output them. Filtering based on res attributes should be easy for all attributes.,Slicing & dicing - starting with the most aggregated view then zooming in to find the outlier,Try to make a decision pleasing most people (although it's no easy featðŸ˜„) then try to push the chosen way all over the documentation to keep the fragmentation in the community to a minimum.,
2025/05/14 1:07:28 AM GMT+1,Software Engineer,1-10 engineers,1-2 years,I don't use Prometheus,No,,,,,,,,,,,,,,,,,,,,
2025/05/14 7:00:16 AM GMT+1,System Administrator,11-50 engineers,I don't use OpenTelemetry,1-2 years,No,,,,,,,,,,,,,,,,,,,,
2025/05/14 1:25:29 PM GMT+1,Manager,1-10 engineers,I don't use OpenTelemetry,2+ years,No,,,,,,,,,,,,,,,,,,,,
2025/05/14 4:46:04 PM GMT+1,Software Engineer,1-10 engineers,Less than 6 months,I don't use Prometheus,No,,,,,,,,,,,,,,,,,,,,
2025/05/14 6:38:22 PM GMT+1,Software Engineer,1-10 engineers,I don't use OpenTelemetry,Less than 6 months,No,,,,,,,,,,,,,,,,,,,,
2025/05/14 10:36:34 PM GMT+1,Site Reliability Engineer,11-50 engineers,6-12 months,2+ years,No,,,,,,,,,,,,,,,,,,,,
2025/05/15 12:22:09 AM GMT+1,Platform Engineer,11-50 engineers,6-12 months,2+ years,"Yes, I use both OpenTelemetry and Prometheus",2,Very challenging,Not applicable,Very challenging,Very challenging,Not challenging,Not challenging,Not challenging,Very challenging,Very important,Very important,Very important,Slightly important,Slightly important,Very important,"To me the whole concept of _info metrics in prometheus feels unnecessary and redundant. If the total cardinality is the same, why not just keep the labels on the metrics? â€”Â I get that having less labels to query can be easier to reason about, assuming the right labels are kept, but that is a hard assumption to maintain, esp w/ OTel","Just promote all as far as I care :shrug: â€” it gets worse when there are more layers â€” eg some OTel agent gathering my metrics and sending to Prom, only to be queried elsewhere (eg Grafana), and thus hard to track where what configuration needs to go (in my case it was my OTel exporter/agent)","Basic filtering, like any other attr/label!","Painful. The OTel docs are scattered, and so are prom<>Otel docs. At some point I found myself reading Prom's code to figure out what happens to resource attrs!",
2025/05/15 4:36:09 AM GMT+1,System Administrator,1-10 engineers,2+ years,2+ years,"Yes, but I am still learning how to integrate them",3,Slightly challenging,Slightly challenging,Slightly challenging,Slightly challenging,Slightly challenging,Slightly challenging,Slightly challenging,Slightly challenging,Slightly important,Slightly important,Slightly important,Slightly important,Slightly important,Slightly important,To discover the truth and remove unquantified subjects,To discover facts and to publish it to the web and to remove algorithms that serve no purpose ,To remove unfactual algorithms ,That it needs to be updated to collect facts and to remove unethical behavior ,
2025/05/15 5:21:19 AM GMT+1,Software Engineer,51-200 engineers,I don't use OpenTelemetry,I don't use Prometheus,No,,,,,,,,,,,,,,,,,,,,
2025/05/15 5:57:46 AM GMT+1,Site Reliability Engineer,11-50 engineers,Less than 6 months,2+ years,No,,,,,,,,,,,,,,,,,,,,
2025/05/15 12:05:22 PM GMT+1,Platform Engineer,51-200 engineers,I don't use OpenTelemetry,2+ years,No,,,,,,,,,,,,,,,,,,,,
2025/05/15 3:32:53 PM GMT+1,DevOps Engineer,1-10 engineers,I don't use OpenTelemetry,2+ years,No,,,,,,,,,,,,,,,,,,,,
2025/05/15 3:58:03 PM GMT+1,Platform Engineer,1-10 engineers,I don't use OpenTelemetry,2+ years,No,,,,,,,,,,,,,,,,,,,,
2025/05/15 6:53:11 PM GMT+1,Observability Engineer,1-10 engineers,2+ years,2+ years,"Yes, I use both OpenTelemetry and Prometheus",2,Very challenging,Slightly challenging,Very challenging,Slightly challenging,Slightly challenging,Slightly challenging,Not applicable,Not applicable,Very important,Very important,Very important,Very important,Very important,Very important,"If technically feasible, solution like what Tempo does would be ideal. That is, in TraceQL it is possible to filter on both (span) attributes and resource attributes. The Tempo storage model maps very cleanly to the OpenTelemetry data structures.","Ideally, like Tempo does. But, the Loki approach also is reasonable. Resource attributes can be stored as structured metadata, which are not indexed, but can be used in aggregations or in secondary filters after the (indexed) label-based filtering.",Kubernetes metadata.,,
2025/05/15 10:35:34 PM GMT+1,DevOps Engineer,11-50 engineers,6-12 months,2+ years,No,,,,,,,,,,,,,,,,,,,,
2025/05/16 7:11:38 AM GMT+1,Software Engineer,1-10 engineers,1-2 years,Less than 6 months,"Yes, but I am still learning how to integrate them",3,Slightly challenging,Slightly challenging,Slightly challenging,Slightly challenging,Slightly challenging,Slightly challenging,Not challenging,Very challenging,Very important,Very important,Very important,Very important,Very important,Slightly important,?,"I;m still learning the syntax, But in grafana: chosse as dropdowns of check boxes",Narrow down,Still learning,
2025/05/16 7:59:49 AM GMT+1,Software Engineer,11-50 engineers,6-12 months,1-2 years,"Yes, I use both OpenTelemetry and Prometheus",3,Not applicable,Not applicable,Not applicable,Slightly challenging,Slightly challenging,Not applicable,Not applicable,Not applicable,Very important,Very important,Very important,Slightly important,Very important,Slightly important,idk,As labels,As filters or groupby keys,,
2025/05/16 8:53:28 AM GMT+1,Platform Engineer,1000+ engineers,2+ years,2+ years,"Yes, I use both OpenTelemetry and Prometheus",2,Not challenging,Very challenging,Slightly challenging,Very challenging,Not applicable,Very challenging,Not challenging,Very challenging,Very important,Very important,Very important,Very important,Very important,Very important,"Itâ€™s another nesting of metrics, the current workaround is metrics with different resource attributes routes to different Prometheus ",Like a path in directory,To find metrics available for resource,,
2025/05/16 9:31:00 AM GMT+1,Site Reliability Engineer,11-50 engineers,1-2 years,2+ years,No,,,,,,,,,,,,,,,,,,,,
2025/05/16 2:03:39 PM GMT+1,Platform Engineer,501-1000 engineers,Less than 6 months,2+ years,No,,,,,,,,,,,,,,,,,,,,
2025/05/16 3:45:14 PM GMT+1,Software Engineer,51-200 engineers,2+ years,2+ years,"Yes, I use both OpenTelemetry and Prometheus",4,Not challenging,Slightly challenging,Slightly challenging,Very challenging,Very challenging,Slightly challenging,Not applicable,Not applicable,Very important,Very important,Very important,Slightly important,Not important,Slightly important,/,/,/,/,
2025/05/16 4:16:06 PM GMT+1,Site Reliability Engineer,11-50 engineers,1-2 years,2+ years,"Yes, but I am still learning how to integrate them",1,Very challenging,Not challenging,Not applicable,Slightly challenging,Not challenging,Slightly challenging,Slightly challenging,Not challenging,Not important,Not important,Not important,Not important,Not important,Not important,Deprecate OTel and completed pick Prometheus,represented in Prometheus style,Just use Prometheus labels,"I don't like OpenTelemetry resource attributes, Prometheus is simple and clearly",
2025/05/17 9:59:00 AM GMT+1,Site Reliability Engineer,200-500 engineers,6-12 months,2+ years,No,,,,,,,,,,,,,,,,,,,,
2025/05/17 10:13:33 AM GMT+1,Head of observability team,1-10 engineers,2+ years,2+ years,"Yes, I use both OpenTelemetry and Prometheus",3,Slightly challenging,Slightly challenging,Slightly challenging,Not challenging,Not challenging,Slightly challenging,Not challenging,Slightly challenging,Slightly important,Not important,Slightly important,Not important,Slightly important,Not important,No big problems with that,No big problems with that,"Env name, workloads etc..
","Please release a Prometheus remote write receiver!
And, what about alerts? Think about it, it will be great.",
2025/05/17 1:47:23 PM GMT+1,Software Engineer,11-50 engineers,6-12 months,2+ years,"Yes, I use both OpenTelemetry and Prometheus",4,Very challenging,Slightly challenging,Slightly challenging,Not challenging,Not challenging,Slightly challenging,Slightly challenging,Very challenging,Slightly important,Slightly important,Slightly important,Very important,Slightly important,Very important,n/a,n/a,n/a,n/a,
2025/05/18 7:59:21 AM GMT+1,Software Engineer,11-50 engineers,Less than 6 months,1-2 years,No,,,,,,,,,,,,,,,,,,,,
2025/05/18 9:54:17 AM GMT+1,DevOps Engineer,1-10 engineers,I don't use OpenTelemetry,6-12 months,No,,,,,,,,,,,,,,,,,,,,
2025/05/19 5:23:31 AM GMT+1,Site Reliability Engineer,11-50 engineers,I don't use OpenTelemetry,2+ years,No,,,,,,,,,,,,,,,,,,,,
2025/05/19 7:58:29 AM GMT+1,DevOps Engineer,200-500 engineers,6-12 months,2+ years,"Yes, but I am still learning how to integrate them",2,Slightly challenging,Slightly challenging,Very challenging,Very challenging,Not applicable,Not applicable,Slightly challenging,Not applicable,Very important,Very important,Very important,Very important,Very important,Very important,"Make it easier to add, discern or disable attributes using an easy configuration list parameter or flag ",As labels ,"Filtering , sorting, math operations such as aggregation etc","Histogram metrics are so far the main problem I have and this has to do with metric ingestion timestamp processing, in grafana Loki and opensearch it is fairly easy to achieve this by using the timestamp processing stage but i have so far not see such possibility for otel metric collector that enable timestamp stage processing and manipulation.",
2025/05/19 12:04:42 PM GMT+1,DevOps Engineer,1-10 engineers,6-12 months,1-2 years,"Yes, I use both OpenTelemetry and Prometheus",4,Not challenging,Not challenging,Slightly challenging,Slightly challenging,Not challenging,Slightly challenging,Not challenging,Slightly challenging,Very important,Very important,Not applicable,Not applicable,Slightly important,Not important,-,As labels.,"To identify and set details about a metric producer - usually an application. We set the service name and version and various other details (OS, Docker info etc.).",,
2025/05/19 12:07:13 PM GMT+1,DevOps Engineer,1-10 engineers,I don't use OpenTelemetry,2+ years,No,,,,,,,,,,,,,,,,,,,,
2025/05/19 3:53:35 PM GMT+1,Software Engineer,1-10 engineers,6-12 months,2+ years,No,,,,,,,,,,,,,,,,,,,,
2025/05/19 10:14:23 PM GMT+1,DevOps Engineer,11-50 engineers,1-2 years,2+ years,"Yes, I use both OpenTelemetry and Prometheus",4,Slightly challenging,Slightly challenging,Slightly challenging,Slightly challenging,Slightly challenging,Slightly challenging,Very challenging,Slightly challenging,Very important,Very important,Slightly important,Very important,Very important,Very important,?,?,?,?,
2025/05/20 10:03:42 AM GMT+1,Platform Engineer,11-50 engineers,1-2 years,2+ years,No,,,,,,,,,,,,,,,,,,,,
2025/05/20 10:34:11 AM GMT+1,Site Reliability Engineer,1-10 engineers,2+ years,2+ years,No,,,,,,,,,,,,,,,,,,,,
2025/05/20 10:00:24 PM GMT+1,Platform Engineer,1-10 engineers,6-12 months,2+ years,No,,,,,,,,,,,,,,,,,,,,
2025/05/21 10:35:29 AM GMT+1,Site Reliability Engineer,1-10 engineers,6-12 months,6-12 months,"Yes, I use both OpenTelemetry and Prometheus",4,Slightly challenging,Slightly challenging,Very challenging,Slightly challenging,Not challenging,Not challenging,Not challenging,Not challenging,Slightly important,Slightly important,Slightly important,Slightly important,Slightly important,Slightly important,-,-,-,-,
2025/05/21 12:27:13 PM GMT+1,Site Reliability Engineer,51-200 engineers,Less than 6 months,2+ years,No,,,,,,,,,,,,,,,,,,,,
2025/05/21 1:24:25 PM GMT+1,Site Reliability Engineer,1-10 engineers,Less than 6 months,2+ years,"Yes, but I am still learning how to integrate them",3,Slightly challenging,Very challenging,Very challenging,Slightly challenging,Not challenging,Very challenging,Slightly challenging,Slightly challenging,Slightly important,Very important,Very important,Slightly important,Very important,Slightly important,Don't know.,As labels.,Aggregate proper data,Not atm,
2025/05/21 2:30:53 PM GMT+1,Software Engineer,11-50 engineers,2+ years,2+ years,No,,,,,,,,,,,,,,,,,,,,
2025/05/21 6:06:16 PM GMT+1,Site Reliability Engineer,51-200 engineers,I don't use OpenTelemetry,1-2 years,No,,,,,,,,,,,,,,,,,,,,
2025/05/21 8:04:15 PM GMT+1,DevOps Engineer,1-10 engineers,Less than 6 months,Less than 6 months,"Yes, I use both OpenTelemetry and Prometheus",2,Very challenging,Not challenging,Not applicable,Slightly challenging,Not applicable,Not applicable,Not challenging,Very challenging,Very important,Very important,Very important,Very important,Very important,Very important,"flat naming convention so that It can easily integrate with all tools instead of nested structures. Probably would love a prefix of say ''OTEL"" to labels which were added by opentelemetry automatically in k8s",flat and should be easily able to identify the labels which automatically instrumented with otel,for narrowing down search,I lose out on the type of metric and the description when I get the metrics into prometheus.,
2025/05/22 12:45:23 AM GMT+1,Software Engineer,1-10 engineers,2+ years,6-12 months,"Yes, I use both OpenTelemetry and Prometheus",2,Slightly challenging,Not challenging,Slightly challenging,Slightly challenging,Not challenging,Slightly challenging,Not challenging,Slightly challenging,Not important,Not important,Slightly important,Slightly important,Slightly important,Not important,Private ,Personal ,My business ,Profit ,
2025/05/22 1:13:32 AM GMT+1,System Administrator,1-10 engineers,I don't use OpenTelemetry,I don't use Prometheus,"Yes, but I am still learning how to integrate them",3,Slightly challenging,Very challenging,Slightly challenging,Slightly challenging,Slightly challenging,Slightly challenging,Slightly challenging,Slightly challenging,Slightly important,Slightly important,Slightly important,Slightly important,Slightly important,Slightly important,n/a,better then else,anything,n/a,
2025/05/22 4:50:51 AM GMT+1,Software Engineer,51-200 engineers,2+ years,2+ years,"Yes, but I am still learning how to integrate them",2,Very challenging,Very challenging,Very challenging,Slightly challenging,Very challenging,Very challenging,Very challenging,Not challenging,Very important,Slightly important,Very important,Slightly important,Slightly important,Very important,"I would store resource attributes separately, out-of-line from the main TSDB inverted index, and provide functions to enrich series with them and find series based on them, rather than treating them as yet more labels added to everything.","An info metric with a constant name (or a set of info-metrics with consistent, predictable names) that are unique for a given resource instance, with labels for the attributes.","A few major and very distinct use cases.

I use identifying attributes much like job and instance or other identifying labels are used in Prometheus - to find instances of something, to label-match when associating different series, etc. I generally want these on every time-series, much like {job,instance}.

I use non-identifying resource attributes for informational purposes like determining the version of something. I do _not_ want this on every metric.

There are also secondary identifying attributes, which are not necessary to ensure uniqueness of a resource, but help find instances of it. These can be things like parent resource identifiers for if I want to find all resources in a certain category or parent etc.","Mapping them to labels is absolutely painful. Prometheus already has such severe problems with TSDB index bloat, exploding and unmanageable memory use in queries, etc that the label proliferation from them makes it nearly unusable at any scale right now. Especially if the resource attributes are not fully under my control.

I generally have to use an intermediate OpenTelemetry Collector to filter and proxy the data so I can feed Prometheus a minimal subset to limit the blast radius.",
2025/05/22 10:21:46 AM GMT+1,Site Reliability Engineer,1-10 engineers,1-2 years,1-2 years,"Yes, but I am still learning how to integrate them",4,Slightly challenging,Slightly challenging,Slightly challenging,Very challenging,Not applicable,Not applicable,Not applicable,Not applicable,Very important,Very important,Very important,Very important,Very important,Very important,learning,learning,learning,none,
2025/05/22 4:21:01 PM GMT+1,Software Engineer,1-10 engineers,2+ years,2+ years,No,,,,,,,,,,,,,,,,,,,,
2025/05/22 7:48:06 PM GMT+1,DevOps Engineer,11-50 engineers,I don't use OpenTelemetry,2+ years,No,,,,,,,,,,,,,,,,,,,,
2025/05/23 4:53:00 AM GMT+1,Platform Engineer,1000+ engineers,2+ years,2+ years,"Yes, I use both OpenTelemetry and Prometheus",4,Not challenging,Very challenging,Very challenging,Very challenging,Very challenging,Very challenging,Very challenging,Not challenging,Very important,Very important,Very important,Slightly important,Very important,Slightly important,"This is a good question. If there was some way to map these additional attributes to all metrics without a cardinality explosion scenario when infrastructure changes, that would be ideal. ",I expect resource attributes to automatically be available to query and slice/dice metrics by the resource. It would function as another label without the cardinality explosion concerns.,Resource attributes are critical to identify where these metrics are coming from and how they are contributing to a given observation at that time.,,
2025/05/23 9:54:09 AM GMT+1,Software Engineer,1000+ engineers,2+ years,2+ years,"Yes, I use both OpenTelemetry and Prometheus",4,Slightly challenging,Slightly challenging,Very challenging,Very challenging,Slightly challenging,Very challenging,Slightly challenging,Slightly challenging,Slightly important,Very important,Very important,Very important,Very important,Very important,1 to 1 mapping so that it's straightforward to understand what the result will be,"hard question, attributes on the metric level should be labels but resource attrs should maybe only be a limited set as labels",aggregate on generic metadata like server/pod/app names. aggregate on host info or cloud data like region/availability zone etc,,
2025/05/23 10:34:11 AM GMT+1,Software Engineer,1-10 engineers,Less than 6 months,Less than 6 months,No,,,,,,,,,,,,,,,,,,,,
2025/05/23 4:52:35 PM GMT+1,Site Reliability Engineer,11-50 engineers,1-2 years,2+ years,"Yes, I use both OpenTelemetry and Prometheus",3,Slightly challenging,Very challenging,Slightly challenging,Very challenging,Very challenging,Very challenging,Very challenging,Very challenging,Very important,Very important,Very important,Very important,Very important,Very important,More complex metadata modules (map[string]string is limiting and slow) and more opinionated ingestion API to force common label/vocabulary reuse.,"I expect a naive mapping of strings because of prometheus's simplist datamodel, but would prefer something that is semantically aware of the data model and statically typed for performance, safety, and scalability (both technically and organizationally).","We'd like to be able to use them to provide a consistent set of terms across environments and applications and be able to richly correlate those metrics with traces, logs, and events without having to record a mapping between labelsets.",Prometheus's simplistic data model and lack of proper scaling makes it difficult to leverage resource attributes fully.,
2025/05/23 7:41:30 PM GMT+1,System Administrator,1-10 engineers,I don't use OpenTelemetry,2+ years,No,,,,,,,,,,,,,,,,,,,,
2025/05/23 7:50:31 PM GMT+1,Platform Engineer,51-200 engineers,1-2 years,2+ years,"Yes, I use both OpenTelemetry and Prometheus",3,Slightly challenging,Very challenging,Slightly challenging,Slightly challenging,Slightly challenging,Very challenging,Slightly challenging,Not applicable,Very important,Very important,Very important,Not applicable,Very important,Very important,Should work the same way,The same,Graphana charts,,
2025/05/23 8:39:28 PM GMT+1,Software Engineer,501-1000 engineers,2+ years,2+ years,"Yes, I use both OpenTelemetry and Prometheus",2,Very challenging,Very challenging,Very challenging,Very challenging,Very challenging,Very challenging,Very challenging,Very challenging,Very important,Very important,Very important,Very important,Very important,Very important,Promote all resource attribute automatically . I am working on https://github.com/prometheus/prometheus/pull/16426,As attributes ,In OpenTelemetry to represent the source of metrics,,
2025/05/26 5:32:41 AM GMT+1,DevOps Engineer,51-200 engineers,I don't use OpenTelemetry,1-2 years,No,,,,,,,,,,,,,,,,,,,,
2025/05/26 5:43:27 AM GMT+1,network architect,1-10 engineers,2+ years,2+ years,No,,,,,,,,,,,,,,,,,,,,
2025/05/26 9:24:19 AM GMT+1,Site Reliability Engineer,1-10 engineers,I don't use OpenTelemetry,2+ years,No,,,,,,,,,,,,,,,,,,,,
2025/05/26 11:17:39 AM GMT+1,Corretor de ImÃ³veis ,1-10 engineers,I don't use OpenTelemetry,I don't use Prometheus,No,,,,,,,,,,,,,,,,,,,,
2025/05/26 3:08:43 PM GMT+1,System Administrator,1-10 engineers,I don't use OpenTelemetry,1-2 years,No,,,,,,,,,,,,,,,,,,,,
2025/05/26 4:06:09 PM GMT+1,Site Reliability Engineer,1-10 engineers,Less than 6 months,2+ years,"Yes, but I am still learning how to integrate them",3,Not applicable,Very challenging,Not challenging,Very challenging,Very challenging,Very challenging,Slightly challenging,Very challenging,Very important,Slightly important,Very important,Very important,Not important,Very important,"mapped to labels, but face the challenge of high cardinality",like labels,"like labels, but set by the exporter and filtered by me at the otelcol level","If the prometheus team could get responsibility for the prometheusremotewrite receiver of the opentelemetry collector it would be nice, so we could setup one prometheus per cluster and centralize it somewhere else using otel",
2025/05/26 10:57:24 PM GMT+1,Site Reliability Engineer,1-10 engineers,6-12 months,6-12 months,"Yes, but I am still learning how to integrate them",5,Not challenging,Not challenging,Not challenging,Not challenging,Slightly challenging,Slightly challenging,Not challenging,Not challenging,Very important,Very important,Very important,Very important,Very important,Very important,NA,I like it as it is; no changes are needed for now.,Monitoring,,
2025/05/27 3:36:49 AM GMT+1,Site Reliability Engineer,501-1000 engineers,2+ years,2+ years,"Yes, I use both OpenTelemetry and Prometheus",5,Very challenging,Very challenging,Very challenging,Very challenging,Very challenging,Very challenging,Very challenging,Very challenging,Slightly important,Slightly important,Very important,Very important,Very important,Very important,Excellent ,Yes,Yes,Yes,
2025/05/27 9:50:38 AM GMT+1,Site Reliability Engineer,1-10 engineers,I don't use OpenTelemetry,2+ years,No,,,,,,,,,,,,,,,,,,,,
2025/05/27 11:31:31 AM GMT+1,DevOps Engineer,1-10 engineers,I don't use OpenTelemetry,2+ years,No,,,,,,,,,,,,,,,,,,,,
2025/05/27 12:16:01 PM GMT+1,Backend Engineer,1-10 engineers,I don't use OpenTelemetry,1-2 years,No,,,,,,,,,,,,,,,,,,,,
2025/05/27 3:30:07 PM GMT+1,Site Reliability Engineer,1-10 engineers,6-12 months,1-2 years,No,,,,,,,,,,,,,,,,,,,,
2025/05/28 3:27:13 AM GMT+1,Platform Engineer,11-50 engineers,I don't use OpenTelemetry,2+ years,No,,,,,,,,,,,,,,,,,,,,
2025/05/29 6:22:34 AM GMT+1,Platform Engineer,11-50 engineers,2+ years,2+ years,"Yes, I use both OpenTelemetry and Prometheus",3,Slightly challenging,Very challenging,Very challenging,Not applicable,Slightly challenging,Very challenging,Slightly challenging,Not applicable,Very important,Very important,Very important,Very important,Very important,Slightly important,"I would start to think a Ui completely incentrated o resource attributes search, to simplify and increase the ability of writing query",I would like to have a palette that expose all resources to provider a starting filter context for the queries,"We provider a saas multi-tenant application, and we use resource attributes to monitor the tenant resource usage and for billing to the customer their  extra usage",,
2025/05/29 6:27:12 AM GMT+1,Platform Engineer,11-50 engineers,1-2 years,1-2 years,"Yes, I use both OpenTelemetry and Prometheus",3,Very challenging,Slightly challenging,Very challenging,Not challenging,Slightly challenging,Slightly challenging,Slightly challenging,Very challenging,Very important,Very important,Slightly important,Very important,Very important,Slightly important,"Yes, ",Either as labels on the timeseries or as an unambiguous ID label,"Identify specific workloads and aggregate by application, cluster, environment, ...",Just a big thank you to the community maintaining both!,
2025/05/31 6:42:00 AM GMT+1,Software Engineer,1-10 engineers,1-2 years,2+ years,"Yes, I use both OpenTelemetry and Prometheus",4,Very challenging,Slightly challenging,Very challenging,Slightly challenging,Slightly challenging,Very challenging,Slightly challenging,Very challenging,Very important,Very important,Very important,Very important,Very important,Very important,Categorizing attributes and allowing them to be customized,More visual,Performance and KPI,,
2025/06/03 7:08:56 AM GMT+1,Observability Engineer,51-200 engineers,1-2 years,1-2 years,"Yes, I use both OpenTelemetry and Prometheus",5,Slightly challenging,Very challenging,Slightly challenging,Very challenging,Slightly challenging,Very challenging,Slightly challenging,Slightly challenging,Very important,Very important,Very important,Very important,Very important,Very important,Easy and descriptive documantation,Better and easy naming conventions,Monitoring and Observability,"Better integration of Opentelemetry, Prometheus and Grafana",
2025/06/16 3:28:05 AM GMT+1,System Administrator,1-10 engineers,2+ years,2+ years,No,,,,,,,,,,,,,,,,,,,,
2025/06/17 11:22:15 AM GMT+1,Site Reliability Engineer,501-1000 engineers,2+ years,2+ years,"Yes, I use both OpenTelemetry and Prometheus",3,Very challenging,Very challenging,Very challenging,Very challenging,Slightly challenging,Very challenging,Very challenging,Very challenging,Slightly important,Slightly important,Slightly important,Slightly important,Slightly important,Slightly important,I'd like to define the sames semantic to labels and metrics. ,Found ,To find telemetry data origim. ,,
